name,slug,genre,image_url,description,social_links,
Feeder,feeder,,,,,
Garbage,garbage,,,,,
Dinosaur Jr,dinosaur-jr,,,,,
Megadeth,megadeth,,,,,
Biffy Clyro,biffy-clyro,,,,,
The Others,the-others,,,,,
JJ72,jj72,,,,,
Idiot Pilot,idiot-pilot,,,,,
Wednesday 13,wednesday-13,,,,,
Queen Adreena,queen-adreena,,,,,
Billy Idol,billy-idol,,,,,
The Used,the-used,,,,,
My Chemical Romance,my-chemical-romance,,,,,
InMe,inme,,,,,
The Bled,the-bled,,,,,
Apocalyptica,apocalyptica,,,,,
Underøath,underøath,,,,,
Lordi,lordi,,,,,
Fozzy,fozzy,,,,,
Flogging Molly,flogging-molly,,,,,
Napalm Death,napalm-death,,,,,
Raging Speedhorn,raging-speedhorn,,,,,
Paradise Lost,paradise-lost,,,,,
A Change of Pace,a-change-of-pace,,,,,
Hurricane Party,hurricane-party,,,,,
Tokyo Dragons,tokyo-dragons,,,,,
Colour of Fire,colour-of-fire,,,,,
Slunt,slunt,,,,,
Just a Word,just-a-word,,,,,
Crashdïet,crashdïet,,,,,
Planet of Women,planet-of-women,,,,,
Tat,tat,,,,,
Ellis,ellis,,,,,
The Mascara Story,the-mascara-story,,,,,
Black Sabbath,black-sabbath,,,,,
Velvet Revolver,velvet-revolver,,,,,
HIM,him,,,,,
Anthrax,anthrax,,,,,
Alter Bridge,alter-bridge,,,,,
Bowling for Soup,bowling-for-soup,,,,,
A,a,,,,,
The Mad Capsule Markets,the-mad-capsule-markets,,,,,
The Dwarves,the-dwarves,,,,,
Trivium,trivium,,,,,
In Flames,in-flames,,,,,
Chimaira,chimaira,,,,,
Lamb of God,lamb-of-god,,,,,
Bullet for My Valentine,bullet-for-my-valentine,,,,,
Meshuggah,meshuggah,,,,,
Unearth,unearth,,,,,
Every Time I Die,every-time-i-die,,,,,
Open Hand,open-hand,,,,,
American Head Charge,american-head-charge,,,,,
The Hurt Process,the-hurt-process,,,,,
Hondo Maclean,hondo-maclean,,,,,
Three Children Of Fortune,three-children-of-fortune,,,,,
Helmet,helmet,,,,,
The Lucky Nine,the-lucky-nine,,,,,
Breed 77,breed-77,,,,,
The Explosion,the-explosion,,,,,
Towers of London,towers-of-london,,,,,
Johnny Truant,johnny-truant,,,,,
The Ga Ga's,the-ga-ga's,,,,,
The Answer,the-answer,,,,,
Panic Cell,panic-cell,,,,,
Crucified Barbara,crucified-barbara,,,,,
Diamond Nights,diamond-nights,,,,,
Quit Your Dayjob,quit-your-dayjob,,,,,
City on Fire,city-on-fire,,,,,
S.A. Sanctuary,s.a.-sanctuary,,,,,
Reuben,reuben,,,,,
Days Of Worth,days-of-worth,,,,,
Fastlane,fastlane,,,,,
System of a Down,system-of-a-down,,,,,
Slipknot,slipknot,,,,,
Slayer,slayer,,,,,
Nightwish,nightwish,,,,,
Killswitch Engage,killswitch-engage,,,,,
Papa Roach,papa-roach,,,,,
Mudvayne,mudvayne,,,,,
Society 1,society-1,,,,,
DV8,dv8,,,,,
Motörhead,motörhead,,,,,
DKT/MC5,dkt/mc5,,,,,
Funeral for a Friend,funeral-for-a-friend,,,,,
Lacuna Coil,lacuna-coil,,,,,
Mastodon,mastodon,,,,,
Shadows Fall,shadows-fall,,,,,
Caliban,caliban,,,,,
As I Lay Dying,as-i-lay-dying,,,,,
Gizmachi,gizmachi,,,,,
Send More Paramedics,send-more-paramedics,,,,,
Therapy?,therapy?,,,,,
Team Sleep,team-sleep,,,,,
Eighties Matchbox B-Line Disaster,eighties-matchbox-b-line-disaster,,,,,
The Dresden Dolls,the-dresden-dolls,,,,,
The Glitterati,the-glitterati,,,,,
The Saints,the-saints,,,,,
Engerica,engerica,,,,,
3 Inches of Blood,3-inches-of-blood,,,,,
Still Remains,still-remains,,,,,
No Hope in New Jersey,no-hope-in-new-jersey,,,,,
Acidtone,acidtone,,,,,
Henry Rollins,henry-rollins,,,,,
Electric Eel Shock,electric-eel-shock,,,,,
The Suffrajets,the-suffrajets,,,,,
Johnny Panic,johnny-panic,,,,,
Tool,tool,,,,,
Deftones,deftones,,,,,
Coheed and Cambria,coheed-and-cambria,,,,,
Soulfly,soulfly,,,,,
Strapping Young Lad,strapping-young-lad,,,,,
SOiL,soil,,,,,
Wicked Wisdom,wicked-wisdom,,,,,
Amplifier,amplifier,,,,,
The All-American Rejects,the-all-american-rejects,,,,,
Atreyu,atreyu,,,,,
Clutch,clutch,,,,,
Fishbone,fishbone,,,,,
Dredg,dredg,,,,,
Bleeding Through,bleeding-through,,,,,
Gojira,gojira,,,,,
Throwdown,throwdown,,,,,
Suns of the Tundra,suns-of-the-tundra,,,,,
Ginger & the Sonic Circus,ginger-&-the-sonic-circus,,,,,
Backyard Babies,backyard-babies,,,,,
Cathedral,cathedral,,,,,
Bullets & Octane,bullets-&-octane,,,,,
My Awesome Compilation,my-awesome-compilation,,,,,
Animal Alpha,animal-alpha,,,,,
The Audition,the-audition,,,,,
Art of Dying,art-of-dying,,,,,
Enter Shikari,enter-shikari,,,,,
Kitty Hudson,kitty-hudson,,,,,
Gay for Johnny Depp,gay-for-johnny-depp,,,,,
Keiko,keiko,,,,,
SinTuition,sintuition,,,,,
Metallica,metallica,,,,,
Korn,korn,,,,,
Avenged Sevenfold,avenged-sevenfold,,,,,
Stone Sour,stone-sour,,,,,
Alice in Chains,alice-in-chains,,,,,
Arch Enemy,arch-enemy,,,,,
Bloodsimple,bloodsimple,,,,,
Satyricon,satyricon,,,,,
Down,down,,,,,
Opeth,opeth,,,,,
Within Temptation,within-temptation,,,,,
Secret Machines,secret-machines,,,,,
Billy Talent,billy-talent,,,,,
DevilDriver,devildriver,,,,,
SikTh,sikth,,,,,
Khoma,khoma,,,,,
Killing Joke,killing-joke,,,,,
Mondo Generator,mondo-generator,,,,,
Louie,louie,,,,,
This Is Menace,this-is-menace,,,,,
10 Years,10-years,,,,,
Flyleaf,flyleaf,,,,,
Manic,manic,,,,,
It Dies Today,it-dies-today,,,,,
Living Things,living-things,,,,,
Exit Ten,exit-ten,,,,,
Colon Open Bracket,colon-open-bracket,,,,,
Stonegard,stonegard,,,,,
My Alamo,my-alamo,,,,,
Get Cape. Wear Cape. Fly,get-cape.-wear-cape.-fly,,,,,
getAmped,getamped,,,,,
The Hedrons,the-hedrons,,,,,
Guns N' Roses,guns-n'-roses,,,,,
Cradle of Filth,cradle-of-filth,,,,,
36 Crazyfists,36-crazyfists,,,,,
DragonForce,dragonforce,,,,,
Hatebreed,hatebreed,,,,,
Sick of it All,sick-of-it-all,,,,,
Skindred,skindred,,,,,
Moneen,moneen,,,,,
Darkest Hour,darkest-hour,,,,,
Blindside,blindside,,,,,
Mendeed,mendeed,,,,,
Bring Me the Horizon,bring-me-the-horizon,,,,,
Zico Chain,zico-chain,,,,,
Voodoo Six,voodoo-six,,,,,
Lauren Harris,lauren-harris,,,,,
Winterville,winterville,,,,,
Streetlight Youth,streetlight-youth,,,,,
I-Def-I,i-def-i,,,,,
Viking Skull,viking-skull,,,,,
Betty Curse,betty-curse,,,,,
Evergrey,evergrey,,,,,
Wolfmother,wolfmother,,,,,
Hinder,hinder,,,,,
Buckcherry,buckcherry,,,,,
Paramore,paramore,,,,,
Porcupine Tree,porcupine-tree,,,,,
Saosin,saosin,,,,,
From Autumn to Ashes,from-autumn-to-ashes,,,,,
Turbonegro,turbonegro,,,,,
Ill Niño,ill-niño,,,,,
ANJ,anj,,,,,
Suicidal Tendencies,suicidal-tendencies,,,,,
Hayseed Dixie,hayseed-dixie,,,,,
Yourcodenameis:Milo,yourcodenameis:milo,,,,,
Job for a Cowboy,job-for-a-cowboy,,,,,
Sanctity,sanctity,,,,,
I Was a Cub Scout,i-was-a-cub-scout,,,,,
The Scare,the-scare,,,,,
Neurosonic,neurosonic,,,,,
This Et Al,this-et-al,,,,,
Cynic,cynic,,,,,
Fortune Drive,fortune-drive,,,,,
Drive-by Argument,drive-by-argument,,,,,
Linkin Park,linkin-park,,,,,
Marilyn Manson,marilyn-manson,,,,,
Machine Head,machine-head,,,,,
Thirty Seconds to Mars,thirty-seconds-to-mars,,,,,
Aiden,aiden,,,,,
Hellyeah,hellyeah,,,,,
Turisas,turisas,,,,,
Mötley Crüe,mötley-crüe,,,,,
Satellite Party,satellite-party,,,,,
My Vitriol,my-vitriol,,,,,
My Dying Bride,my-dying-bride,,,,,
Gallows,gallows,,,,,
Anathema,anathema,,,,,
Elliot Minor,elliot-minor,,,,,
Cat the Dog,cat-the-dog,,,,,
Head Automatica,head-automatica,,,,,
Necro,necro,,,,,
Silverstein,silverstein,,,,,
Lez Zeppelin,lez-zeppelin,,,,,
Architects,architects,,,,,
Priestess,priestess,,,,,
Beyond All Reason,beyond-all-reason,,,,,
Damone,damone,,,,,
Army of Freshmen,army-of-freshmen,,,,,
Malpractice,malpractice,,,,,
Iron Maiden,iron-maiden,,,,,
Evanescence,evanescence,,,,,
Parikrama,parikrama,,,,,
Dream Theater,dream-theater,,,,,
Dimmu Borgir,dimmu-borgir,,,,,
Orange Goblin,orange-goblin,,,,,
Cancer Bats,cancer-bats,,,,,
After Forever,after-forever,,,,,
Eyelash,eyelash,,,,,
Reel Big Fish,reel-big-fish,,,,,
Fastway,fastway,,,,,
Cult of Luna,cult-of-luna,,,,,
Fair to Midland,fair-to-midland,,,,,
Kids in Glass Houses,kids-in-glass-houses,,,,,
Between the Trees,between-the-trees,,,,,
Flood of Red,flood-of-red,,,,,
Lights. Action!,lights.-action!,,,,,
In This Moment,in-this-moment,,,,,
The Ghost of a Thousand,the-ghost-of-a-thousand,,,,,
LostAlone,lostalone,,,,,
Kiss,kiss,,,,,
Judas Priest,judas-priest,,,,,
Disturbed,disturbed,,,,,
Seether,seether,,,,,
Beat Union,beat-union,,,,,
Black Tide,black-tide,,,,,
Simple Plan,simple-plan,,,,,
Rise Against,rise-against,,,,,
Rival Schools,rival-schools,,,,,
The Subways,the-subways,,,,,
The Fall of Troy,the-fall-of-troy,,,,,
Comeback Kid,comeback-kid,,,,,
The Black Dahlia Murder,the-black-dahlia-murder,,,,,
Stone Gods,stone-gods,,,,,
Zebrahead,zebrahead,,,,,
The Dillinger Escape Plan,the-dillinger-escape-plan,,,,,
Kill Hannah,kill-hannah,,,,,
Slaves to Gravity,slaves-to-gravity,,,,,
High on Fire,high-on-fire,,,,,
In Case of Fire,in-case-of-fire,,,,,
Blackhole,blackhole,,,,,
Hostile,hostile,,,,,
Firewind,firewind,,,,,
Caimbo,caimbo,,,,,
Rolo Tomassi,rolo-tomassi,,,,,
Lovvers,lovvers,,,,,
The Offspring,the-offspring,,,,,
Incubus,incubus,,,,,
Madina Lake,madina-lake,,,,,
Sign,sign,,,,,
Ash,ash,,,,,
Pendulum,pendulum,,,,,
Ace Frehley,ace-frehley,,,,,
Amon Amarth,amon-amarth,,,,,
A Day to Remember,a-day-to-remember,,,,,
The Devil Wears Prada,the-devil-wears-prada,,,,,
Alesana,alesana,,,,,
Annotations of an Autopsy,annotations-of-an-autopsy,,,,,
Malefice,malefice,,,,,
Testament,testament,,,,,
Saxon,saxon,,,,,
Fighting With Wire,fighting-with-wire,,,,,
Brigade,brigade,,,,,
The Haze,the-haze,,,,,
Big Linda,big-linda,,,,,
The Last Supper,the-last-supper,,,,,
Trigger the Bloodshed,trigger-the-bloodshed,,,,,
Mexicolas,mexicolas,,,,,
Go:Audio,go:audio,,,,,
Rise to Remain,rise-to-remain,,,,,
Verra Cruz,verra-cruz,,,,,
Lostprophets,lostprophets,,,,,
Jimmy Eat World,jimmy-eat-world,,,,,
Black Stone Cherry,black-stone-cherry,,,,,
Fightstar,fightstar,,,,,
From First to Last,from-first-to-last,,,,,
Glamour of the Kill,glamour-of-the-kill,,,,,
Cavalera Conspiracy,cavalera-conspiracy,,,,,
Children of Bodom,children-of-bodom,,,,,
The Wildhearts,the-wildhearts,,,,,
Chiodos,chiodos,,,,,
Airbourne,airbourne,,,,,
Rose Tattoo,rose-tattoo,,,,,
Lethal Bizzle,lethal-bizzle,,,,,
Municipal Waste,municipal-waste,,,,,
Cry for Silence,cry-for-silence,,,,,
Jonathan Davis,jonathan-davis,,,,,
Valient Thorr,valient-thorr,,,,,
Haunts,haunts,,,,,
August Burns Red,august-burns-red,,,,,
Between the Buried and Me,between-the-buried-and-me,,,,,
Ted Maul,ted-maul,,,,,
Canterbury,canterbury,,,,,
The Galvatrons,the-galvatrons,,,,,
Sons of Albion,sons-of-albion,,,,,
Devil Sold His Soul,devil-sold-his-soul,,,,,
Invasion,invasion,,,,,
Faith No More,faith-no-more,,,,,
Limp Bizkit,limp-bizkit,,,,,
Staind,staind,,,,,
The Blackout,the-blackout,,,,,
Hollywood Undead,hollywood-undead,,,,,
Dir En Grey,dir-en-grey,,,,,
Parkway Drive,parkway-drive,,,,,
Steadlür,steadlür,,,,,
Duff McKagan's Loaded,duff-mckagan's-loaded,,,,,
Voivod,voivod,,,,,
Middle Class Rut,middle-class-rut,,,,,
Sylosis,sylosis,,,,,
Bleed from Within,bleed-from-within,,,,,
Hunting the Minotaur,hunting-the-minotaur,,,,,
Sleepercurve,sleepercurve,,,,,
New Device,new-device,,,,,
DissolvedIn,dissolvedin,,,,,
Linchpin,linchpin,,,,,
Don Broco,don-broco,,,,,
The Outcry Collective,the-outcry-collective,,,,,
White Man Kamikaze,white-man-kamikaze,,,,,
Young Guns,young-guns,,,,,
Tripswitch,tripswitch,,,,,
The Instigators,the-instigators,,,,,
Five Finger Death Punch,five-finger-death-punch,,,,,
Ripper Owens,ripper-owens,,,,,
The Prodigy,the-prodigy,,,,,
Chris Cornell,chris-cornell,,,,,
You Me at Six,you-me-at-six,,,,,
Static-X,static-x,,,,,
Hardcore Superstar,hardcore-superstar,,,,,
Symphony Cult,symphony-cult,,,,,
The Crave,the-crave,,,,,
Anvil,anvil,,,,,
Thunder,thunder,,,,,
Lawnmower Deth,lawnmower-deth,,,,,
Man Raze,man-raze,,,,,
General Fiasco,general-fiasco,,,,,
Billy Boy on Poison,billy-boy-on-poison,,,,,
Loverman,loverman,,,,,
Facecage,facecage,,,,,
Black Spiders,black-spiders,,,,,
No Americana,no-americana,,,,,
Acid Drop,acid-drop,,,,,
This City,this-city,,,,,
People in Planes,people-in-planes,,,,,
My Passion,my-passion,,,,,
The Auteur,the-auteur,,,,,
None the Less,none-the-less,,,,,
13 Riots,13-riots,,,,,
Forever Never,forever-never,,,,,
Serpico,serpico,,,,,
The Computers,the-computers,,,,,
Japanese Voyeurs,japanese-voyeurs,,,,,
Auger Bane,auger-bane,,,,,
Def Leppard,def-leppard,,,,,
Whitesnake,whitesnake,,,,,
ZZ Top,zz-top,,,,,
Journey,journey,,,,,
Skin,skin,,,,,
Tesla,tesla,,,,,
Shinedown,shinedown,,,,,
Volbeat,volbeat,,,,,
Karma to Burn,karma-to-burn,,,,,
Sevendust,sevendust,,,,,
God Forbid,god-forbid,,,,,
Suicide Silence,suicide-silence,,,,,
Sacred Mother Tongue,sacred-mother-tongue,,,,,
The 69 Eyes,the-69-eyes,,,,,
Sabbat,sabbat,,,,,
Steel Panther,steel-panther,,,,,
Dear Superstar,dear-superstar,,,,,
Hexes,hexes,,,,,
Esoterica,esoterica,,,,,
Pulled Apart by Horses,pulled-apart-by-horses,,,,,
Turbowolf,turbowolf,,,,,
Violent Soho,violent-soho,,,,,
Brides,brides,,,,,
We Are the Ocean,we-are-the-ocean,,,,,
Exit Avenue,exit-avenue,,,,,
First Strike,first-strike,,,,,
Twin Atlantic,twin-atlantic,,,,,
Attack! Attack!,attack!-attack!,,,,,
Logan,logan,,,,,
Fei Comodo,fei-comodo,,,,,
Jettblack,jettblack,,,,,
Million $ Reload,million-$-reload,,,,,
Raucous Jays,raucous-jays,,,,,
Fall from Grace,fall-from-grace,,,,,
AC/DC,ac/dc,,,,,
Them Crooked Vultures,them-crooked-vultures,,,,,
Tyketto,tyketto,,,,,
Sweethead,sweethead,,,,,
Year Long Disaster,year-long-disaster,,,,,
Funeral Party,funeral-party,,,,,
Heights,heights,,,,,
Never Means Maybe,never-means-maybe,,,,,
Taylor Hawkins and the Coattail Riders,taylor-hawkins-and-the-coattail-riders,,,,,
Imicus,imicus,,,,,
The Humour,the-humour,,,,,
Sondura,sondura,,,,,
Starseed,starseed,,,,,
Danny Vaughn,danny-vaughn,,,,,
Rage Against the Machine,rage-against-the-machine,,,,,
Taking Dawn,taking-dawn,,,,,
We Are the Fallen,we-are-the-fallen,,,,,
Sonic Syndicate,sonic-syndicate,,,,,
Michael Monroe,michael-monroe,,,,,
Y&T,y&t,,,,,
Senser,senser,,,,,
Enuff Z'nuff,enuff-z'nuff,,,,,
Halestorm,halestorm,,,,,
Rock Sugar,rock-sugar,,,,,
Genitorturers,genitorturers,,,,,
Reckless Love,reckless-love,,,,,
Sybreed,sybreed,,,,,
Holy Grail,holy-grail,,,,,
Killing for Company,killing-for-company,,,,,
Godsized,godsized,,,,,
Kadawatha,kadawatha,,,,,
This Is Divine,this-is-divine,,,,,
Stand Up Guy,stand-up-guy,,,,,
No Mean City,no-mean-city,,,,,
The Dead Lay Waiting,the-dead-lay-waiting,,,,,
The Plight,the-plight,,,,,
Urban Voodoo Machine,urban-voodoo-machine,,,,,
Revoker,revoker,,,,,
The More I See,the-more-i-see,,,,,
Dommin,dommin,,,,,
Everything Burns,everything-burns,,,,,
Aerosmith,aerosmith,,,,,
Stone Temple Pilots,stone-temple-pilots,,,,,
Slash,slash,,,,,
Cinderella,cinderella,,,,,
FM,fm,,,,,
The Damned Things,the-damned-things,,,,,
Switchfoot,switchfoot,,,,,
Nonpoint,nonpoint,,,,,
White Wizzard,white-wizzard,,,,,
Die Apokalyptischen Reiter,die-apokalyptischen-reiter,,,,,
Whitechapel,whitechapel,,,,,
The Jim Jones Revue,the-jim-jones-revue,,,,,
Your Demise,your-demise,,,,,
Crime in Stereo,crime-in-stereo,,,,,
TAB the Band,tab-the-band,,,,,
The Morning After,the-morning-after,,,,,
Ben Poole,ben-poole,,,,,
Max Raptor,max-raptor,,,,,
T-34,t-34,,,,,
Hearts Under Fire,hearts-under-fire,,,,,
You And What Army,you-and-what-army,,,,,
Sacred Betrayal,sacred-betrayal,,,,,
Enemo-J,enemo-j,,,,,
The Virginmarys,the-virginmarys,,,,,
Straight Lines,straight-lines,,,,,
Tiger Please,tiger-please,,,,,
Ginger Wildheart,ginger-wildheart,,,,,
DJ Clash (Scott Rowley and Alexander Milas),dj-clash-(scott-rowley-and-alexander-milas),,,,,
The Dirty Feel,the-dirty-feel,,,,,
Ricky Warwick,ricky-warwick,,,,,
The Darkness,the-darkness,,,,,
Thin Lizzy,thin-lizzy,,,,,
Puddle of Mudd,puddle-of-mudd,,,,,
CKY,cky,,,,,
Anti-Flag,anti-flag,,,,,
Destroy Rebuild Until God Shows,destroy-rebuild-until-god-shows,,,,,
Evaline,evaline,,,,,
Danzig,danzig,,,,,
Times of Grace,times-of-grace,,,,,
Hyro Da Hero,hyro-da-hero,,,,,
Asking Alexandria,asking-alexandria,,,,,
Lower Than Atlantis,lower-than-atlantis,,,,,
Royal Republic,royal-republic,,,,,
Betraeus,betraeus,,,,,
Sweet Savage,sweet-savage,,,,,
Modestep,modestep,,,,,
Envy of the State,envy-of-the-state,,,,,
OAF,oaf,,,,,
The Hype Theory,the-hype-theory,,,,,
Page 44,page-44,,,,,
Hill Valley High,hill-valley-high,,,,,
Makethisrelate,makethisrelate,,,,,
Kellermensch,kellermensch,,,,,
The Last Republic,the-last-republic,,,,,
The Dirty Youth,the-dirty-youth,,,,,
Obsessive Compulsive,obsessive-compulsive,,,,,
The Verses,the-verses,,,,,
Skunk Anansie,skunk-anansie,,,,,
Escape the Fate,escape-the-fate,,,,,
All That Remains,all-that-remains,,,,,
Alice Cooper,alice-cooper,,,,,
Twisted Sister,twisted-sister,,,,,
Cheap Trick,cheap-trick,,,,,
Mr. Big,mr.-big,,,,,
Dio Disciples,dio-disciples,,,,,
Dan Reed,dan-reed,,,,,
The BossHoss,the-bosshoss,,,,,
Chthonic,chthonic,,,,,
The King Blues,the-king-blues,,,,,
Evile,evile,,,,,
Trash Talk,trash-talk,,,,,
letlive.,letlive.,,,,,
VersaEmerge,versaemerge,,,,,
Ghost,ghost,,,,,
Straight Line Stitch,straight-line-stitch,,,,,
TRC,trc,,,,,
Houston,houston,,,,,
The Rods,the-rods,,,,,
Dangerous!,dangerous!,,,,,
Kill 21,kill-21,,,,,
The Dangerous Summer,the-dangerous-summer,,,,,
Blitz Kids,blitz-kids,,,,,
Welcome Wednesday,welcome-wednesday,,,,,
The Ocean Between Us,the-ocean-between-us,,,,,
Dripback,dripback,,,,,
Fighting Wolves,fighting-wolves,,,,,
Sons of Icarus,sons-of-icarus,,,,,
Maiden uniteD,maiden-united,,,,,
Intraverse,intraverse,,,,,
The Gaslight Anthem,the-gaslight-anthem,,,,,
The Pretty Reckless,the-pretty-reckless,,,,,
Biohazard,biohazard,,,,,
Rob Zombie,rob-zombie,,,,,
The Cult,the-cult,,,,,
Black Veil Brides,black-veil-brides,,,,,
Gwar,gwar,,,,,
Kvelertak,kvelertak,,,,,
Yashin,yashin,,,,,
Collapse,collapse,,,,,
Frank Turner,frank-turner,,,,,
Plain White T's,plain-white-t's,,,,,
Framing Hanley,framing-hanley,,,,,
Deaf Havana,deaf-havana,,,,,
My Darkest Days,my-darkest-days,,,,,
Sworn Amongst,sworn-amongst,,,,,
Hell,hell,,,,,
Trucker Diablo,trucker-diablo,,,,,
Knock Out Kaine,knock-out-kaine,,,,,
Jameson Raid,jameson-raid,,,,,
Baptized in Blood,baptized-in-blood,,,,,
Illuminatus,illuminatus,,,,,
ACODA,acoda,,,,,
Floods,floods,,,,,
Autumn In Disguise,autumn-in-disguise,,,,,
October File,october-file,,,,,
Belligerence,belligerence,,,,,
Skeletal Damage,skeletal-damage,,,,,
Dave McPherson,dave-mcpherson,,,,,
"Red, White and Blues","red,-white-and-blues",,,,,
Heaven's Basement,heaven's-basement,,,,,
Voodoo Johnson,voodoo-johnson,,,,,
Raven Vandelle,raven-vandelle,,,,,
Chase & Status,chase-&-status,,,,,
NOFX,nofx,,,,,
Fear Factory,fear-factory,,,,,
Slash Featuring Myles Kennedy & the Conspirators,slash-featuring-myles-kennedy-&-the-conspirators,,,,,
Little Angels,little-angels,,,,,
Terrorvision,terrorvision,,,,,
The Quireboys,the-quireboys,,,,,
The Devin Townsend Project,the-devin-townsend-project,,,,,
AxeWound,axewound,,,,,
While She Sleeps,while-she-sleeps,,,,,
The Defiled,the-defiled,,,,,
Hounds,hounds,,,,,
Absolute Power,absolute-power,,,,,
Silent Descent,silent-descent,,,,,
Impaled Existence,impaled-existence,,,,,
The Safety Fire,the-safety-fire,,,,,
Marmozets,marmozets,,,,,
Upon a Burning Body,upon-a-burning-body,,,,,
Dive Bella Dive,dive-bella-dive,,,,,
Reachback,reachback,,,,,
Dead Harts,dead-harts,,,,,
The Jellycats,the-jellycats,,,,,
Broken,broken,,,,,
Million Dollar Reload,million-dollar-reload,,,,,
Neonfly,neonfly,,,,,
With One Last Breath,with-one-last-breath,,,,,
Tenacious D,tenacious-d,,,,,
Theory of a Deadman,theory-of-a-deadman,,,,,
Four Year Strong,four-year-strong,,,,,
The Mission,the-mission,,,,,
The Union,the-union,,,,,
Corey Taylor,corey-taylor,,,,,
The Treatment,the-treatment,,,,,
Anti-Nowhere League,anti-nowhere-league,,,,,
Gun,gun,,,,,
The Yo-Yos,the-yo-yos,,,,,
Avosetta,avosetta,,,,,
Cockney Rejects,cockney-rejects,,,,,
Fearless Vampire Killers,fearless-vampire-killers,,,,,
Mallory Knox,mallory-knox,,,,,
Butcher Babies,butcher-babies,,,,,
I Divide,i-divide,,,,,
Golden Tanks,golden-tanks,,,,,
4Arm,4arm,,,,,
Freebase,freebase,,,,,
Royal Cartel,royal-cartel,,,,,
Tyla,tyla,,,,,
Toby Jepson,toby-jepson,,,,,
Six Hour Sundown,six-hour-sundown,,,,,
Soundgarden,soundgarden,,,,,
Black Label Society,black-label-society,,,,,
Kyuss Lives!,kyuss-lives!,,,,,
Stellar Revival,stellar-revival,,,,,
Dropkick Murphys,dropkick-murphys,,,,,
Refused,refused,,,,,
Ugly Kid Joe,ugly-kid-joe,,,,,
Sebastian Bach,sebastian-bach,,,,,
Rival Sons,rival-sons,,,,,
Kobra and the Lotus,kobra-and-the-lotus,,,,,
Periphery,periphery,,,,,
Emmure,emmure,,,,,
La Dispute,la-dispute,,,,,
The JCQ,the-jcq,,,,,
Edguy,edguy,,,,,
Feed the Rhino,feed-the-rhino,,,,,
Skarlett Riot,skarlett-riot,,,,,
William Control,william-control,,,,,
Hawk Eyes,hawk-eyes,,,,,
The Minutes,the-minutes,,,,,
Kopek,kopek,,,,,
Strangle Kojak,strangle-kojak,,,,,
Adelaide,adelaide,,,,,
Mechanical Smile,mechanical-smile,,,,,
PitchBlack,pitchblack,,,,,
Kamchatka,kamchatka,,,,,
Saint Jude,saint-jude,,,,,
Furyon,furyon,,,,,
Mordecai,mordecai,,,,,
Daken,daken,,,,,
Sanguine,sanguine,,,,,
White Powder Gold,white-powder-gold,,,,,
Gogol Bordello,gogol-bordello,,,,,
3 Doors Down,3-doors-down,,,,,
Europe,europe,,,,,
Uriah Heep,uriah-heep,,,,,
Monster Truck,monster-truck,,,,,
Converge,converge,,,,,
Motionless in White,motionless-in-white,,,,,
The Sword,the-sword,,,,,
Hang the Bastard,hang-the-bastard,,,,,
Patent Pending,patent-pending,,,,,
Palm Reader,palm-reader,,,,,
Emperor Chung,emperor-chung,,,,,
FIDLAR,fidlar,,,,,
The Algorithm,the-algorithm,,,,,
Blood Command,blood-command,,,,,
Verses,verses,,,,,
Zoax,zoax,,,,,
Semperfi,semperfi,,,,,
Akord,akord,,,,,
Free Fall,free-fall,,,,,
Hammer of the Gods,hammer-of-the-gods,,,,,
Walking Papers,walking-papers,,,,,
Hear Kitty Kitty,hear-kitty-kitty,,,,,
Toseland,toseland,,,,,
Rob Lynch,rob-lynch,,,,,
Queens of the Stone Age,queens-of-the-stone-age,,,,,
Black Star Riders,black-star-riders,,,,,
UFO,ufo,,,,,
Lit,lit,,,,,
Karnivool,karnivool,,,,,
Katatonia,katatonia,,,,,
The Hives,the-hives,,,,,
Uncle Acid & the Deadbeats,uncle-acid-&-the-deadbeats,,,,,
Bury Tomorrow,bury-tomorrow,,,,,
Heart of a Coward,heart-of-a-coward,,,,,
Empress AD,empress-ad,,,,,
Nekrogoblikon,nekrogoblikon,,,,,
earthtone9,earthtone9,,,,,
Crowns,crowns,,,,,
Last Witness,last-witness,,,,,
Rat Attack,rat-attack,,,,,
Lonely the Brave,lonely-the-brave,,,,,
Press to Meco,press-to-meco,,,,,
Searching Alaska,searching-alaska,,,,,
Wounds,wounds,,,,,
Sky Valley Mistress,sky-valley-mistress,,,,,
Silent Screams,silent-screams,,,,,
Black Moth,black-moth,,,,,
Astroid Boys,astroid-boys,,,,,
Idiom,idiom,,,,,
Wild Lies,wild-lies,,,,,
Cytota,cytota,,,,,
Devin Townsend,devin-townsend,,,,,
Acoustic TV,acoustic-tv,,,,,
Buffalo Summer,buffalo-summer,,,,,
Fahran,fahran,,,,,
The Killing Floor,the-killing-floor,,,,,
The Afterparty,the-afterparty,,,,,
Rammstein,rammstein,,,,,
Coal Chamber,coal-chamber,,,,,
Masters of Reality,masters-of-reality,,,,,
Graveyard,graveyard,,,,,
The Ghost Inside,the-ghost-inside,,,,,
P.O.D,p.o.d,,,,,
Newsted,newsted,,,,,
Red Fang,red-fang,,,,,
Vision of Disorder,vision-of-disorder,,,,,
Hacktivist,hacktivist,,,,,
Brutality Will Prevail,brutality-will-prevail,,,,,
Little Caesar,little-caesar,,,,,
Krokodil,krokodil,,,,,
States of Panic,states-of-panic,,,,,
Bovine,bovine,,,,,
Sonic Boom Six,sonic-boom-six,,,,,
I Am I,i-am-i,,,,,
Falling with Style,falling-with-style,,,,,
Surrender the Coast,surrender-the-coast,,,,,
The Howling,the-howling,,,,,
Forever Can Wait,forever-can-wait,,,,,
Radkey,radkey,,,,,
Huntress,huntress,,,,,
Black Dogs,black-dogs,,,,,
The First,the-first,,,,,
Naked Flame,naked-flame,,,,,
Pig Iron,pig-iron,,,,,
Crash Mansion,crash-mansion,,,,,
New Killer Shoes,new-killer-shoes,,,,,
Night By Night,night-by-night,,,,,
The Graveltones,the-graveltones,,,,,
Arthemis,arthemis,,,,,
Powerman 5000,powerman-5000,,,,,
Crossfaith,crossfaith,,,,,
Miss May I,miss-may-i,,,,,
Bad Religion,bad-religion,,,,,
The Temperance Movement,the-temperance-movement,,,,,
Drenge,drenge,,,,,
Tax the Heat,tax-the-heat,,,,,
Royal Blood,royal-blood,,,,,
Quicksand,quicksand,,,,,
The Amity Affliction,the-amity-affliction,,,,,
I Am Fire,i-am-fire,,,,,
No Hot Ashes,no-hot-ashes,,,,,
Dan Reed Network,dan-reed-network,,,,,
Battlecross,battlecross,,,,,
Baby Godzilla,baby-godzilla,,,,,
Lyger,lyger,,,,,
Drones,drones,,,,,
They Say Fall,they-say-fall,,,,,
Bloody Hammers,bloody-hammers,,,,,
Bad Touch,bad-touch,,,,,
Goldray,goldray,,,,,
Jamie Lenman,jamie-lenman,,,,,
New City Kings,new-city-kings,,,,,
The Mercy House,the-mercy-house,,,,,
Mia Klose,mia-klose,,,,,
Brother & Bones,brother-&-bones,,,,,
Fall Out Boy,fall-out-boy,,,,,
Dying Fetus,dying-fetus,,,,,
Status Quo,status-quo,,,,,
Monster Magnet,monster-magnet,,,,,
Skid Row,skid-row,,,,,
Twenty One Pilots,twenty-one-pilots,,,,,
Chevelle,chevelle,,,,,
Behemoth,behemoth,,,,,
Vamps,vamps,,,,,
Blessthefall,blessthefall,,,,,
Arcane Roots,arcane-roots,,,,,
Collibus,collibus,,,,,
Iceman Thesis,iceman-thesis,,,,,
Malevolence,malevolence,,,,,
Martyr Defiled,martyr-defiled,,,,,
New Politics,new-politics,,,,,
Nothing More,nothing-more,,,,,
Skyharbor,skyharbor,,,,,
coldrain,coldrain,,,,,
Chasing Cadence,chasing-cadence,,,,,
Sinners Highway,sinners-highway,,,,,
Colt 45,colt-45,,,,,
Breathe in the Silence,breathe-in-the-silence,,,,,
Richards/Crane,richards/crane,,,,,
Ducking Punches,ducking-punches,,,,,
Joe Bonamassa,joe-bonamassa,,,,,
Richie Sambora,richie-sambora,,,,,
Winger,winger,,,,,
Red Dragon Cartel,red-dragon-cartel,,,,,
Philip H. Anselmo & the Illegals,philip-h.-anselmo-&-the-illegals,,,,,
Sabaton,sabaton,,,,,
Sepultura,sepultura,,,,,
We Came as Romans,we-came-as-romans,,,,,
Skillet,skillet,,,,,
Kill Devil Hill,kill-devil-hill,,,,,
Avatar,avatar,,,,,
Against Me!,against-me!,,,,,
Memphis May Fire,memphis-may-fire,,,,,
Crazy Town,crazy-town,,,,,
Thy Art Is Murder,thy-art-is-murder,,,,,
The Charm the Fury,the-charm-the-fury,,,,,
Viza,viza,,,,,
Monuments,monuments,,,,,
Polar,polar,,,,,
Heart in Hand,heart-in-hand,,,,,
Reignwolf,reignwolf,,,,,
Adelphia,adelphia,,,,,
The Magnus Puto,the-magnus-puto,,,,,
Create to Inspire,create-to-inspire,,,,,
Kid Karate,kid-karate,,,,,
Chinese Missy,chinese-missy,,,,,
Life on Standby,life-on-standby,,,,,
Dead City Streets,dead-city-streets,,,,,
Nick Oliveri,nick-oliveri,,,,,
Jon Gomm,jon-gomm,,,,,
Oxygen Thief,oxygen-thief,,,,,
Milk Teeth,milk-teeth,,,,,
VerseChorusVerse,versechorusverse,,,,,
Fizzy Blood,fizzy-blood,,,,,
Stormbringer,stormbringer,,,,,
At the Gates,at-the-gates,,,,,
Corrosion of Conformity,corrosion-of-conformity,,,,,
The Cadillac Three,the-cadillac-three,,,,,
Blues Pills,blues-pills,,,,,
Rival State,rival-state,,,,,
Beartooth,beartooth,,,,,
Defeater,defeater,,,,,
Gnarwolves,gnarwolves,,,,,
Counterparts,counterparts,,,,,
Bombus,bombus,,,,,
The One Hundred,the-one-hundred,,,,,
Decade,decade,,,,,
American Fangs,american-fangs,,,,,
Allusondrugs,allusondrugs,,,,,
Blood Youth,blood-youth,,,,,
The Raven Age,the-raven-age,,,,,
God Damn,god-damn,,,,,
E of E,e-of-e,,,,,
Hands Like Houses,hands-like-houses,,,,,
Beasts,beasts,,,,,
Muse,muse,,,,,
Carcass,carcass,,,,,
Geyser,geyser,,,,,
The Lounge Kittens,the-lounge-kittens,,,,,
Andrew W.K.,andrew-w.k.,,,,,
Body Count,body-count,,,,,
Crown the Empire,crown-the-empire,,,,,
Northlane,northlane,,,,,
Stray from the Path,stray-from-the-path,,,,,
"Chunk! No, Captain Chunk!","chunk!-no,-captain-chunk!",,,,,
In Hearts Wake,in-hearts-wake,,,,,
Hey! Hello!,hey!-hello!,,,,,
The Pink Slips,the-pink-slips,,,,,
Dolomite Minor,dolomite-minor,,,,,
Insomnium,insomnium,,,,,
Purson,purson,,,,,
Dub War,dub-war,,,,,
The Struts,the-struts,,,,,
Roam,roam,,,,,
Creeper,creeper,,,,,
Crobot,crobot,,,,,
Emp!re,emp!re,,,,,
New Years Day,new-years-day,,,,,
Love Zombies,love-zombies,,,,,
Iconic Eye,iconic-eye,,,,,
Tim Vantol,tim-vantol,,,,,
Von Hertzen Brothers,von-hertzen-brothers,,,,,
Blackberry Smoke,blackberry-smoke,,,,,
Tremonti,tremonti,,,,,
Pop Evil,pop-evil,,,,,
L7,l7,,,,,
Eagles of Death Metal,eagles-of-death-metal,,,,,
Godsmack,godsmack,,,,,
We Are Harlot,we-are-harlot,,,,,
H.E.A.T,h.e.a.t,,,,,
The Dead Daisies,the-dead-daisies,,,,,
Yellowcard,yellowcard,,,,,
Madball,madball,,,,,
Three Days Grace,three-days-grace,,,,,
Code Orange,code-orange,,,,,
Evil Scarecrow,evil-scarecrow,,,,,
September Mourning,september-mourning,,,,,
Like a Storm,like-a-storm,,,,,
Chelsea Grin,chelsea-grin,,,,,
Aaron Keylock,aaron-keylock,,,,,
Man with a Mission,man-with-a-mission,,,,,
The Qemists,the-qemists,,,,,
René LaVice,rené-lavice,,,,,
Trash Boat,trash-boat,,,,,
LTNT,ltnt,,,,,
Hyena,hyena,,,,,
Colour of Noise,colour-of-noise,,,,,
Sirens in the Delta,sirens-in-the-delta,,,,,
Broken Chords,broken-chords,,,,,
Babymetal,babymetal,,,,,
Alien Ant Farm,alien-ant-farm,,,,,
All Time Low,all-time-low,,,,,
Glassjaw,glassjaw,,,,,
As Lions,as-lions,,,,,
RavenEye,raveneye,,,,,
Gutterdämmerung,gutterdämmerung,,,,,
Kadavar,kadavar,,,,,
Fort Hope,fort-hope,,,,,
Heck,heck,,,,,
Puppy,puppy,,,,,
Savage Messiah,savage-messiah,,,,,
Skinny Lister,skinny-lister,,,,,
From Ashes to New,from-ashes-to-new,,,,,
Counting Days,counting-days,,,,,
Havok,havok,,,,,
Strange Bones,strange-bones,,,,,
The Amorettes,the-amorettes,,,,,
Weirds,weirds,,,,,
In Search of Sun,in-search-of-sun,,,,,
Sixx:A.M.,sixx:a.m.,,,,,
Against the Current,against-the-current,,,,,
Juliette & the Licks,juliette-&-the-licks,,,,,
Tesseract,tesseract,,,,,
Scorpion Child,scorpion-child,,,,,
The Men That Will Not Be Blamed for Nothing,the-men-that-will-not-be-blamed-for-nothing,,,,,
Inglorious,inglorious,,,,,
Santa Cruz,santa-cruz,,,,,
Pennywise,pennywise,,,,,
Neck Deep,neck-deep,,,,,
Danko Jones,danko-jones,,,,,
Black Peaks,black-peaks,,,,,
SHVPES,shvpes,,,,,
The Shrine,the-shrine,,,,,
Cane Hill,cane-hill,,,,,
Slaves,slaves,,,,,
Dead!,dead!,,,,,
Wage War,wage-war,,,,,
Palisades,palisades,,,,,
Reigning Days,reigning-days,,,,,
Wearing Scars,wearing-scars,,,,,
Scattering Ashes,scattering-ashes,,,,,
Jane's Addiction,jane's-addiction,,,,,
Breaking Benjamin,breaking-benjamin,,,,,
One Ok Rock,one-ok-rock,,,,,
Delain,delain,,,,,
Grand Magus,grand-magus,,,,,
Whiskey Myers,whiskey-myers,,,,,
Buck & Evans,buck-&-evans,,,,,
Electric Wizard,electric-wizard,,,,,
Frank Carter and the Rattlesnakes,frank-carter-and-the-rattlesnakes,,,,,
Attila,attila,,,,,
Ho99o9,ho99o9,,,,,
Good Tiger,good-tiger,,,,,
Ashestoangels,ashestoangels,,,,,
Black Foxxes,black-foxxes,,,,,
The Kenneths,the-kenneths,,,,,
Muncie Girls,muncie-girls,,,,,
The King Is Blind,the-king-is-blind,,,,,
Witchsorrow,witchsorrow,,,,,
Vukovi,vukovi,,,,,
The Franklys,the-franklys,,,,,
Mass Hysteria,mass-hysteria,,,,,
Lofofora,lofofora,,,,,
BlackRain,blackrain,,,,,
The Inspector Cluzo,the-inspector-cluzo,,,,,
Last Train,last-train,,,,,
Prophets of Rage,prophets-of-rage,,,,,
Sum 41,sum-41,,,,,
Good Charlotte,good-charlotte,,,,,
Baroness,baroness,,,,,
Machine Gun Kelly,machine-gun-kelly,,,,,
Blackwater Conspiracy,blackwater-conspiracy,,,,,
Sleeping with Sirens,sleeping-with-sirens,,,,,
State Champs,state-champs,,,,,
Issues,issues,,,,,
M O S E S,m-o-s-e-s,,,,,
Exodus,exodus,,,,,
The Contortionist,the-contortionist,,,,,
Lost Society,lost-society,,,,,
Venom Prison,venom-prison,,,,,
Red Sun Rising,red-sun-rising,,,,,
Yonaka,yonaka,,,,,
Otherkin,otherkin,,,,,
Holding Absence,holding-absence,,,,,
She Must Burn,she-must-burn,,,,,
AFI,afi,,,,,
Pierce the Veil,pierce-the-veil,,,,,
Of Mice & Men,of-mice-&-men,,,,,
Max and Igor Cavalera Return to Roots,max-and-igor-cavalera-return-to-roots,,,,,
Alestorm,alestorm,,,,,
The Story So Far,the-story-so-far,,,,,
Knuckle Puck,knuckle-puck,,,,,
As It Is,as-it-is,,,,,
Greywind,greywind,,,,,
Normandie,normandie,,,,,
I the Mighty,i-the-mighty,,,,,
Sick Puppies,sick-puppies,,,,,
Casey,casey,,,,,
The LaFontaines,the-lafontaines,,,,,
IDLES,idles,,,,,
Junior,junior,,,,,
BlackWaters,blackwaters,,,,,
Dead Label,dead-label,,,,,
Ministry,ministry,,,,,
Tyler Bryant & the Shakedown,tyler-bryant-&-the-shakedown,,,,,
Broken Witt Rebels,broken-witt-rebels,,,,,
Moose Blood,moose-blood,,,,,
Basement,basement,,,,,
Touché Amoré,touché-amoré,,,,,
Dinosaur Pile-Up,dinosaur-pile-up,,,,,
Grove Street Families,grove-street-families,,,,,
Wallflower,wallflower,,,,,
Perturbator,perturbator,,,,,
Aaron Buchanan & The Cult Classics,aaron-buchanan-&-the-cult-classics,,,,,
Devilskin,devilskin,,,,,
Stone Broken,stone-broken,,,,,
Brutai,brutai,,,,,
Fallen State,fallen-state,,,,,
Blink 182,blink-182,,,,,
Skinny Puppy,skinny-puppy,,,,,
Dagoba,dagoba,,,,,
Nostromo,nostromo,,,,,
Mars Red Sky,mars-red-sky,,,,,
Epica,epica,,,,,
Far From Alaska,far-from-alaska,,,,,
Soilwork,soilwork,,,,,
Sólstafir,sólstafir,,,,,
The Living End,the-living-end,,,,,
Aqme,aqme,,,,,
Project Black Pantera,project-black-pantera,,,,,
Green Day,green-day,,,,,
Rancid,rancid,,,,,
Leogun,leogun,,,,,
Rise of the Northstar,rise-of-the-northstar,,,,,
Carpenter Brut,carpenter-brut,,,,,
Kontrust,kontrust,,,,,
House of Pain,house-of-pain,,,,,
Dark Tranquillity,dark-tranquillity,,,,,
Kaothic,kaothic,,,,,
Jardin de la Croix,jardin-de-la-croix,,,,,
Porco Bravo,porco-bravo,,,,,
Lizzies,lizzies,,,,,
Inmune,inmune,,,,,
Virgen,virgen,,,,,
Cult,cult,,,,,
Hamlet,hamlet,,,,,
Myrath,myrath,,,,,
Bat Sabbath,bat-sabbath,,,,,
Brujeria,brujeria,,,,,
Zeke,zeke,,,,,
Triggerfinger,triggerfinger,,,,,
We Ride,we-ride,,,,,
Dawn of the Maya,dawn-of-the-maya,,,,,
Somas Cure,somas-cure,,,,,
Against the Waves,against-the-waves,,,,,
Late to Scream,late-to-scream,,,,,
Iced Earth,iced-earth,,,,,
Cobra,cobra,,,,,
Deafheaven,deafheaven,,,,,
Phil Campbell,phil-campbell,,,,,
And the Bastard Sons,and-the-bastard-sons,,,,,
Wormed,wormed,,,,,
Blaze Out,blaze-out,,,,,
Trono de Sangre,trono-de-sangre,,,,,
Syberia,syberia,,,,,
Childrain,childrain,,,,,
Boston Manor,boston-manor,,,,,
Hell Is For Heroes,hell-is-for-heroes,,,,,
Culture Abuse,culture-abuse,,,,,
The Bronx,the-bronx,,,,,
Stick To Your Guns,stick-to-your-guns,,,,,
Ded,ded,,,,,
Employed to Serve,employed-to-serve,,,,,
Woes,woes,,,,,
Igorrr,igorrr,,,,,
Loathe,loathe,,,,,
Gold Key,gold-key,,,,,
Kaiser Franz Josef,kaiser-franz-josef,,,,,
Helpless,helpless,,,,,
Cellar Darling,cellar-darling,,,,,
Powerflo,powerflo,,,,,
Mayday Parade,mayday-parade,,,,,
The Maine,the-maine,,,,,
Being As An Ocean,being-as-an-ocean,,,,,
The Fever 333,the-fever-333,,,,,
The Faim,the-faim,,,,,
WSTR,wstr,,,,,
TIGRESS,tigress,,,,,
The Bottom Line,the-bottom-line,,,,,
Plini,plini,,,,,
Knocked Loose,knocked-loose,,,,,
Massive Wagons,massive-wagons,,,,,
Sleep Token,sleep-token,,,,,
Higher Power,higher-power,,,,,
Anchor Lane,anchor-lane,,,,,
Death Blooms,death-blooms,,,,,
Ozzy Osbourne,ozzy-osbourne,,,,,
Alexisonfire,alexisonfire,,,,,
Thrice,thrice,,,,,
Kreator,kreator,,,,,
Dead Cross,dead-cross,,,,,
Greta Van Fleet,greta-van-fleet,,,,,
Starcrawler,starcrawler,,,,,
Less Than Jake,less-than-jake,,,,,
Bad Cop/Bad Cop,bad-cop/bad-cop,,,,,
Ecca Vandal,ecca-vandal,,,,,
Dream State,dream-state,,,,,
Zeal & Ardor,zeal-&-ardor,,,,,
Myrkur,myrkur,,,,,
All Them Witches,all-them-witches,,,,,
Wayward Sons,wayward-sons,,,,,
Myke Gray,myke-gray,,,,,
The Hyena Kill,the-hyena-kill,,,,,
Sun Arcana,sun-arcana,,,,,
Koyo,koyo,,,,,
King Parrot,king-parrot,,,,,
Ocean Grove,ocean-grove,,,,,
High Tension,high-tension,,,,,
Hot Water Music,hot-water-music,,,,,
Trophy Eyes,trophy-eyes,,,,,
Clowns,clowns,,,,,
Nails,nails,,,,,
Falling In Reverse,falling-in-reverse,,,,,
Make Them Suffer,make-them-suffer,,,,,
Psycroptic,psycroptic,,,,,
Chase Atlantic,chase-atlantic,,,,,
Cast Down,cast-down,,,,,
Powerwolf,powerwolf,,,,,
Eluveitie,eluveitie,,,,,
Wakan Tanka,wakan-tanka,,,,,
Vandenberg's Moonkings,vandenberg's-moonkings,,,,,
Sidilarsen,sidilarsen,,,,,
Pogo Car Crash Control,pogo-car-crash-control,,,,,
Underoath,underoath,,,,,
Peter Alexander Band Plays Tribute To Lynyrd Skynyrd,peter-alexander-band-plays-tribute-to-lynyrd-skynyrd,,,,,
Hangman's Chair,hangman's-chair,,,,,
Laura Cox Band,laura-cox-band,,,,,
Merge,merge,,,,,
Betraying the Martyrs,betraying-the-martyrs,,,,,
Alcest,alcest,,,,,
Wild Mighty Freaks,wild-mighty-freaks,,,,,
Treponem Pal,treponem-pal,,,,,
Mantar,mantar,,,,,
Ultra Vomit,ultra-vomit,,,,,
Tagada Jones,tagada-jones,,,,,
Galactic Empire,galactic-empire,,,,,
Cemican,cemican,,,,,
Bad Cop Bad Cop,bad-cop-bad-cop,,,,,
Jean Jean,jean-jean,,,,,
Foo Fighters,foo-fighters,,,,,
Wolf Alice,wolf-alice,,,,,
The Noface,the-noface,,,,,
Teacup Monster,teacup-monster,,,,,
Ego Kill Talent,ego-kill-talent,,,,,
Landmvrks,landmvrks,,,,,
The Last Internationale,the-last-internationale,,,,,
Nesseria,nesseria,,,,,
Kaiser Franz Joseph,kaiser-franz-joseph,,,,,
The G,the-g,,,,,
Jared James Nichols,jared-james-nichols,,,,,
Grit,grit,,,,,
A Perfect Circle,a-perfect-circle,,,,,
Iron Reagan,iron-reagan,,,,,
Foscor,foscor,,,,,
Hummano,hummano,,,,,
Exhorder,exhorder,,,,,
Altair,altair,,,,,
Catorce,catorce,,,,,
Aphonnic,aphonnic,,,,,
Viva Belgrado,viva-belgrado,,,,,
Ankor,ankor,,,,,
Leather Heart,leather-heart,,,,,
The Hellacopters,the-hellacopters,,,,,
Crim,crim,,,,,
Meltdown,meltdown,,,,,
77,77,,,,,
Adrift,adrift,,,,,
Crisix,crisix,,,,,
Teething,teething,,,,,
Eon,eon,,,,,
Last in Line,last-in-line,,,,,
Deadland Ritual,deadland-ritual,,,,,
Goodbye June,goodbye-june,,,,,
Me First and the Gimme Gimmes,me-first-and-the-gimme-gimmes,,,,,
The Interrupters,the-interrupters,,,,,
Icon for Hire,icon-for-hire,,,,,
Sumo Cyco,sumo-cyco,,,,,
PENGSHUi,pengshui,,,,,
Ne Obliviscaris,ne-obliviscaris,,,,,
Jinjer,jinjer,,,,,
Twelve Foot Ninja,twelve-foot-ninja,,,,,
Vega,vega,,,,,
Skynd,skynd,,,,,
Conjurer,conjurer,,,,,
Nova Twins,nova-twins,,,,,
Those Damn Crows,those-damn-crows,,,,,
GroundCulture,groundculture,,,,,
Die Antwoord,die-antwoord,,,,,
Power Trip,power-trip,,,,,
Alien Weaponry,alien-weaponry,,,,,
Brothers Osborne,brothers-osborne,,,,,
Animals as Leaders,animals-as-leaders,,,,,
Elvana,elvana,,,,,
Bad Wolves,bad-wolves,,,,,
Simple Creatures,simple-creatures,,,,,
The Wonder Years,the-wonder-years,,,,,
"Nothing,Nowhere","nothing,nowhere",,,,,
The Beaches,the-beaches,,,,,
Hot Milk,hot-milk,,,,,
Yours Truly,yours-truly,,,,,
Parting Gift,parting-gift,,,,,
Batushka,batushka,,,,,
Intervals,intervals,,,,,
The Hu,the-hu,,,,,
Riding the Low,riding-the-low,,,,,
Lovebites,lovebites,,,,,
Queen Zee,queen-zee,,,,,
Underside,underside,,,,,
Cloud,cloud,,,,,
Vambo,vambo,,,,,
Smashing Pumpkins,smashing-pumpkins,,,,,
I Prevail,i-prevail,,,,,
Starset,starset,,,,,
Badflower,badflower,,,,,
Fever 333,fever-333,,,,,
Palaye Royale,palaye-royale,,,,,
Our Last Night,our-last-night,,,,,
Allusinlove,allusinlove,,,,,
Black Futures,black-futures,,,,,
RedHook,redhook,,,,,
Toska,toska,,,,,
Crystal Lake,crystal-lake,,,,,
Kim Jennett,kim-jennett,,,,,
Blurred Vision,blurred-vision,,,,,
Wolf Jaw,wolf-jaw,,,,,
Lost in Stereo,lost-in-stereo,,,,,
Luca Brasi,luca-brasi,,,,,
Polaris,polaris,,,,,
Voyager,voyager,,,,,
War on Women,war-on-women,,,,,
Frenzal Rhomb,frenzal-rhomb,,,,,
Ruins,ruins,,,,,
Justice for the Damned,justice-for-the-damned,,,,,
Outright,outright,,,,,
Eat Your Heart Out,eat-your-heart-out,,,,,
Aversions Crown,aversions-crown,,,,,
The Beautiful Monument,the-beautiful-monument,,,,,
Windwaker,windwaker,,,,,
Amaranthe,amaranthe,,,,,
Scorpions,scorpions,,,,,
Vita Imana,vita-imana,,,,,
Liily,liily,,,,,
The Wizards,the-wizards,,,,,
Le Temps Du Loup,le-temps-du-loup,,,,,
Turnstile,turnstile,,,,,
Brutus,brutus,,,,,
Cannibal Grandpa,cannibal-grandpa,,,,,
Hiranya,hiranya,,,,,
Holy Cuervo DJ'S,holy-cuervo-dj's,,,,,
Berri Txarrak,berri-txarrak,,,,,
Leprous,leprous,,,,,
Will Haven,will-haven,,,,,
Ànteros,ànteros,,,,,
The Baboon Show,the-baboon-show,,,,,
Megara,megara,,,,,
El Altar del Holocausto,el-altar-del-holocausto,,,,,
Walking with Wolves,walking-with-wolves,,,,,
Back to the 90's DJ'S,back-to-the-90's-dj's,,,,,
Toundra,toundra,,,,,
Fiend,fiend,,,,,
Brass Against,brass-against,,,,,
Watain,watain,,,,,
Bones of Minerva,bones-of-minerva,,,,,
Bala,bala,,,,,
Frank Carter & the Rattlesnakes,frank-carter-&-the-rattlesnakes,,,,,
Wargasm,wargasm,,,,,
Tigercub,tigercub,,,,,
The Hara,the-hara,,,,,
As Everything Unfolds,as-everything-unfolds,,,,,
Lotus Eater,lotus-eater,,,,,
Saint Agnes,saint-agnes,,,,,
Frank Turner & the Sleeping Souls,frank-turner-&-the-sleeping-souls,,,,,
Chubby and the Gang,chubby-and-the-gang,,,,,
Cassyette,cassyette,,,,,
Static Dress,static-dress,,,,,
Theory,theory,,,,,
Myles Kennedy & Company,myles-kennedy-&-company,,,,,
Kris Barras Band,kris-barras-band,,,,,
Ayron Jones,ayron-jones,,,,,
Meet Me @ The Altar,meet-me-@-the-altar,,,,,
Kid Brunswick,kid-brunswick,,,,,
Press Club,press-club,,,,,
British Lion,british-lion,,,,,
Bokassa,bokassa,,,,,
Tempt,tempt,,,,,
A.A. Williams,a.a.-williams,,,,,
Dead Poet Society,dead-poet-society,,,,,
Cellar Door Moon Crow,cellar-door-moon-crow,,,,,
The Scratch,the-scratch,,,,,
Heriot,heriot,,,,,
Daughtry,daughtry,,,,,
Bush,bush,,,,,
Ice Nine Kills,ice-nine-kills,,,,,
Dirty Honey,dirty-honey,,,,,
grandson,grandson,,,,,
Dragged Under,dragged-under,,,,,
Salem,salem,,,,,
Blackout Problems,blackout-problems,,,,,
Aniimalia,aniimalia,,,,,
Dana Dentata,dana-dentata,,,,,
Banks Arcade,banks-arcade,,,,,
Temples on Mars,temples-on-mars,,,,,
Control the Storm,control-the-storm,,,,,
Descendents,descendents,,,,,
Spiritbox,spiritbox,,,,,
Marianas Trench,marianas-trench,,,,,
Cemetery Sun,cemetery-sun,,,,,
Dead Posey,dead-posey,,,,,
Myles Kennedy,myles-kennedy,,,,,
Twin Temple,twin-temple,,,,,
Fire from the Gods,fire-from-the-gods,,,,,
Orbit Culture,orbit-culture,,,,,
Kill the Lights,kill-the-lights,,,,,
Modern Error,modern-error,,,,,
Phoxjaw,phoxjaw,,,,,
Bimini,bimini,,,,,
The Velveteers,the-velveteers,,,,,
The Injester,the-injester,,,,,
Poorstacy,poorstacy,,,,,
Ghostkid,ghostkid,,,,,
The Halo Effect,the-halo-effect,,,,,
Band-Maid,band-maid,,,,,
Mammoth WVH,mammoth-wvh,,,,,
Puscifer,puscifer,,,,,
Hundred Reasons,hundred-reasons,,,,,
Cherry Bombs,cherry-bombs,,,,,
Mom Jeans,mom-jeans,,,,,
Punk Rock Factory,punk-rock-factory,,,,,
Haken,haken,,,,,
Caskets,caskets,,,,,
Mimi Barks,mimi-barks,,,,,
Snayx,snayx,,,,,
Stand Atlantic,stand-atlantic,,,,,
Smash into Pieces,smash-into-pieces,,,,,
The Warning,the-warning,,,,,
VV,vv,,,,,
PUP,pup,,,,,
Crawlers,crawlers,,,,,
Demob Happy,demob-happy,,,,,
AViVA,aviva,,,,,
As December Falls,as-december-falls,,,,,
Fixation,fixation,,,,,
Empire State Bastard,empire-state-bastard,,,,,
Ingested,ingested,,,,,
Undeath,undeath,,,,,
Pupil Slicer,pupil-slicer,,,,,
Witch Fever,witch-fever,,,,,
Taipei Houston,taipei-houston,,,,,
Placebo,placebo,,,,,
Bob Vylan,bob-vylan,,,,,
Kid Kapichi,kid-kapichi,,,,,
Blackgold,blackgold,,,,,
Rituals,rituals,,,,,
Spirit Adrift,spirit-adrift,,,,,
Enola Gay,enola-gay,,,,,
Bambie Thug,bambie-thug,,,,,
Beauty School Dropout,beauty-school-dropout,,,,,
Lake Malice,lake-malice,,,,,
Kid Bookie,kid-bookie,,,,,
Antisaint,antisaint,,,,,
Lorna Shore,lorna-shore,,,,,
Bloodywood,bloodywood,,,,,
SiM,sim,,,,,
Blind Channel,blind-channel,,,,,
Electric Callboy,electric-callboy,,,,,
Set it Off,set-it-off,,,,,
Mod Sun,mod-sun,,,,,
Cleopatrick,cleopatrick,,,,,
Jazmin Bean,jazmin-bean,,,,,
Joey Valence & Brae,joey-valence-&-brae,,,,,
Taylor Acorn,taylor-acorn,,,,,
Crashface,crashface,,,,,
Terror,terror,,,,,
Soen,soen,,,,,
Green Lung,green-lung,,,,,
SOUL GLO,soul-glo,,,,,
The Meffs,the-meffs,,,,,
Hawxx,hawxx,,,,,
Graphic Nature,graphic-nature,,,,,
Beauty School,beauty-school,,,,,
Heilung,heilung,,,,,
Mr. Bungle,mr.-bungle,,,,,
Soft Play,soft-play,,,,,
Scene Queen,scene-queen,,,,,
Halocene,halocene,,,,,
Hanabie.,hanabie.,,,,,
Busted,busted,,,,,
Wheatus,wheatus,,,,,
Bayside,bayside,,,,,
TX2,tx2,,,,,
STORM,storm,,,,,
HEALTH,health,,,,,
The Callous Daoboys,the-callous-daoboys,,,,,
Urne,urne,,,,,
Frozemode,frozemode,,,,,
Defects,defects,,,,,
The Hunna,the-hunna,,,,,
Pantera,pantera,,,,,
Tom Morello,tom-morello,,,,,
Slaughter to Prevail,slaughter-to-prevail,,,,,
Asinhell,asinhell,,,,,
Florence Black,florence-black,,,,,
Noahfinnce,noahfinnce,,,,,
RØRY,røry,,,,,
Charlotte Sands,charlotte-sands,,,,,
Lowlives,lowlives,,,,,
DeathbyRomy,deathbyromy,,,,,
HotWax,hotwax,,,,,
Mallavora,mallavora,,,,,
Alpha Wolf,alpha-wolf,,,,,
Dying Wish,dying-wish,,,,,
Gel,gel,,,,,
Guilt Trip,guilt-trip,,,,,
Calva Louise,calva-louise,,,,,
Alt Blk Era,alt-blk-era,,,,,
Knife Bride,knife-bride,,,,,
Celestial Sanctuary,celestial-sanctuary,,,,,
Kerry King,kerry-king,,,,,
Lord of the Lost,lord-of-the-lost,,,,,
311,311,,,,,
Kelsy Karter & the Heroines,kelsy-karter-&-the-heroines,,,,,
Hoobastank,hoobastank,,,,,
Pinkshift,pinkshift,,,,,
Noisy,noisy,,,,,
Delilah Bon,delilah-bon,,,,,
Erra,erra,,,,,
Fit for a King,fit-for-a-king,,,,,
Shadow of Intent,shadow-of-intent,,,,,
Imminence,imminence,,,,,
Brand of Sacrifice,brand-of-sacrifice,,,,,
Missio,missio,,,,,
Harper,harper,,,,,
Until I Wake,until-i-wake,,,,,
Weezer,weezer,,,,,
McFly,mcfly,,,,,
Bad Nerves,bad-nerves,,,,,
Unpeople,unpeople,,,,,
Dead Pony,dead-pony,,,,,
Karen Dío,karen-dío,,,,,
Eivør,eivør,,,,,
Vola,vola,,,,,
Svalbard,svalbard,,,,,
Windhand,windhand,,,,,
Gore.,gore.,,,,,
Battlesnake,battlesnake,,,,,
The Haunt,the-haunt,,,,,
Poppy,poppy,,,,,
Sex Pistols featuring Frank Carter,sex-pistols-featuring-frank-carter,,,,,
Awolnation,awolnation,,,,,
Currents,currents,,,,,
Kim Dracula,kim-dracula,,,,,
Sophie Lloyd,sophie-lloyd,,,,,
Dayseeker,dayseeker,,,,,
Mothica,mothica,,,,,
LØLØ,lølø,,,,,
Split Chain,split-chain,,,,,
Venus Grrrls,venus-grrrls,,,,,
Bex,bex,,,,,
Kittie,kittie,,,,,
Anaal Nathrakh,anaal-nathrakh,,,,,
The Funeral Portrait,the-funeral-portrait,,,,,
Teen Mortgage,teen-mortgage,,,,,
Holy Wars,holy-wars,,,,,
Zetra,zetra,,,,,
Bastardane,bastardane,,,,,
Lastelle,lastelle,,,,,
Artio,artio,,,,,
Jerry Cantrell,jerry-cantrell,,,,,
Seven Hours After Violet,seven-hours-after-violet,,,,,
The Southern River Band,the-southern-river-band,,,,,
House of Protection,house-of-protection,,,,,
Spiritual Cramp,spiritual-cramp,,,,,
Amira Elfeky,amira-elfeky,,,,,
Arrows in Action,arrows-in-action,,,,,
Harpy,harpy,,,,,
Fit for an Autopsy,fit-for-an-autopsy,,,,,
Novelists,novelists,,,,,
Unprocessed,unprocessed,,,,,
President,president,,,,,
Vowws,vowws,,,,,
Survive Said the Prophet,survive-said-the-prophet,,,,,
Vower,vower,,,,,
Faetooth,faetooth,,,,,
Archers,archers,,,,,
Neckbreakker,neckbreakker,,,,,
